osm_id,code,fclass,name,type
"276165543",1500,building,,
"286073418",1500,building,Bus stand with Commercial,commercial
"287994563",1500,building,BOC,commercial
"1182299342",1500,building,,
"1182299602",1500,building,,
"1182299886",1500,building,,
"1182300453",1500,building,,
"1182300657",1500,building,,
"1182300808",1500,building,,
"1182300908",1500,building,,
"1182301000",1500,building,,
"1182301057",1500,building,,
"1182301152",1500,building,,
"1182301490",1500,building,,
"1182301520",1500,building,,
"1182301561",1500,building,,
"1182301643",1500,building,,
"1182301706",1500,building,,
"1182302000",1500,building,,
"1182302042",1500,building,,
"1182302655",1500,building,,
"1182302958",1500,building,,
"1182303539",1500,building,,
"1182303586",1500,building,,
"1182303793",1500,building,,
"1182304129",1500,building,,
"1182304390",1500,building,,
"1182304934",1500,building,,
"1182305206",1500,building,,
"1182305534",1500,building,,
"1182306555",1500,building,,
"1183869336",1500,building,,
"1183869337",1500,building,,
"1183869338",1500,building,,
"1183869339",1500,building,,
"1183869340",1500,building,,
"1183869341",1500,building,,
"1183869342",1500,building,,
"1183869343",1500,building,,
"1183869366",1500,building,,
"1183869368",1500,building,,
"1183869370",1500,building,,
"1183869371",1500,building,,
"1184259215",1500,building,,
"1184259216",1500,building,,
"1184259217",1500,building,,
"1184259218",1500,building,,
"1184259219",1500,building,,
"1184259220",1500,building,,
"1184259221",1500,building,,
"1184259222",1500,building,,
"1184259223",1500,building,,
"1184259224",1500,building,,
"1184259225",1500,building,,
"1184259226",1500,building,,
"1184259227",1500,building,,
"1184259228",1500,building,,
"1184259229",1500,building,,
"1184259230",1500,building,,
"1184259231",1500,building,,
"1184259232",1500,building,,
"1184259233",1500,building,,
"1184259234",1500,building,,
"1184259235",1500,building,,
"1184259236",1500,building,,
"1184259237",1500,building,,
"1184259238",1500,building,,
"1184259239",1500,building,,
"1184259240",1500,building,,
"1184259241",1500,building,,
"1184259242",1500,building,,
"1184259243",1500,building,,
"1184259244",1500,building,,
"1184259245",1500,building,,
"1184259246",1500,building,,
"1184259247",1500,building,,
"1184259248",1500,building,,
"1184259249",1500,building,,
"1184259250",1500,building,,
"1184259251",1500,building,,
"1184259252",1500,building,,
"1184259253",1500,building,,
"1184259254",1500,building,,
"1184259255",1500,building,,
"1184259256",1500,building,,
"1184259257",1500,building,,
"1184259258",1500,building,,
"1184259259",1500,building,,
"1184259260",1500,building,,
"1184259261",1500,building,,
"1184259262",1500,building,,
"1184259263",1500,building,,
"1184259264",1500,building,,
"1184259265",1500,building,,
"1184259266",1500,building,,
"1184259267",1500,building,,
"1184259268",1500,building,,
"1184259269",1500,building,,
"1184259270",1500,building,,
"1184259271",1500,building,,
"1184259272",1500,building,,
"1184259273",1500,building,,
"1184259274",1500,building,,
"1184259275",1500,building,,
"1184259276",1500,building,,
"1184259277",1500,building,,
"1184259278",1500,building,,
"1184259279",1500,building,,
"1184259280",1500,building,,
"1184259281",1500,building,,
"1184259282",1500,building,,
"1184259283",1500,building,,
"1184259284",1500,building,,
"1184259285",1500,building,,
"1184259286",1500,building,,
"1184259287",1500,building,,
"1184259288",1500,building,,
"1184259289",1500,building,,
"1184259290",1500,building,,
"1184259291",1500,building,,
"1184259292",1500,building,,
"1184259293",1500,building,,
"1184259294",1500,building,,
"1184259295",1500,building,,
"1184259296",1500,building,,
"1184259297",1500,building,,
"1184259298",1500,building,,
"1184259299",1500,building,,
"1184259300",1500,building,,
"1184259301",1500,building,,
"1184259302",1500,building,,
"1184259303",1500,building,,
"1184259304",1500,building,,
"1184259305",1500,building,,
"1184259306",1500,building,,
"1184259307",1500,building,,
"1184268703",1500,building,,
"1184268704",1500,building,,
"1184268705",1500,building,,
"1184268706",1500,building,,
"1184268707",1500,building,,
"1184268708",1500,building,,
"1184268709",1500,building,,
"1184268710",1500,building,,
"1184268711",1500,building,,
"1184268712",1500,building,,
"1184268713",1500,building,,
"1184268714",1500,building,,
"1184268715",1500,building,,
"1184268716",1500,building,,
"1184268717",1500,building,,
"1184268718",1500,building,,
"1184268719",1500,building,,
"1184268720",1500,building,,
"1184268721",1500,building,,
"1184268722",1500,building,,
"1184268723",1500,building,,
"1184268724",1500,building,,
"1184268725",1500,building,,
"1184268726",1500,building,,
"1184268727",1500,building,,
"1184268728",1500,building,,
"1184268729",1500,building,,
"1184268730",1500,building,,
"1184268731",1500,building,,
"1184268732",1500,building,,
"1184268733",1500,building,,
"1184268734",1500,building,,
"1184268735",1500,building,,
"1184268736",1500,building,,
"1184268737",1500,building,,
"1184268738",1500,building,,
"1184268739",1500,building,,
"1184268740",1500,building,,
"1184268741",1500,building,,
"1184268742",1500,building,,
"1184268743",1500,building,,
"1184268744",1500,building,,
"1184268745",1500,building,,
"1184268746",1500,building,,
"1184268747",1500,building,,
"1184268748",1500,building,,
"1184268749",1500,building,,
"1184268750",1500,building,,
"1184268751",1500,building,,
"1184268752",1500,building,,
"1184268753",1500,building,,
"1184268754",1500,building,,
"1184268755",1500,building,,
"1184268756",1500,building,,
"1184268757",1500,building,,
"1184268758",1500,building,,
"1184268759",1500,building,,
"1184268760",1500,building,,
"1184268761",1500,building,,
"1184268762",1500,building,,
"1184268763",1500,building,,
"1184268764",1500,building,,
"1184268765",1500,building,,
"1184268766",1500,building,,
"1184268767",1500,building,,
"1184268768",1500,building,,
"1184268769",1500,building,,
"1184268770",1500,building,,
"1184268771",1500,building,,
"1184268772",1500,building,,
"1184268773",1500,building,,
"1184268774",1500,building,,
"1184268775",1500,building,,
"1184268776",1500,building,,
"1184268777",1500,building,,
"1184268778",1500,building,,
"1184268779",1500,building,,
"1184268790",1500,building,,
"1184268791",1500,building,,
"1184268792",1500,building,,
"1184268796",1500,building,,
"1184268797",1500,building,,
"1184268798",1500,building,,
"1184268799",1500,building,,
"1184268800",1500,building,,
"1184268801",1500,building,,
"1184268802",1500,building,,
"1184268803",1500,building,,
"1184268804",1500,building,,
"1184268805",1500,building,,
"1184268806",1500,building,,
"1184268807",1500,building,,
"1184268808",1500,building,,
"1184268809",1500,building,,
"1184268810",1500,building,,
"1184268811",1500,building,,
"1184268813",1500,building,,
"1184268814",1500,building,,
"1184276348",1500,building,,
"1184276349",1500,building,,
"1184276350",1500,building,,
"1184276351",1500,building,,
"1184276352",1500,building,,
"1184276353",1500,building,,
"1184276354",1500,building,,
"1184276369",1500,building,,
"1184276370",1500,building,,
"1184276377",1500,building,,
"1184276378",1500,building,,
"1184276379",1500,building,,
"1184276380",1500,building,,
"1184276381",1500,building,,
"1184276382",1500,building,,
"1184276383",1500,building,,
"1184276384",1500,building,,
"1184276385",1500,building,,
"1184276386",1500,building,,
"1184276387",1500,building,,
"1184276388",1500,building,,
"1184276389",1500,building,,
"1184276390",1500,building,,
"1184276391",1500,building,,
"1184276392",1500,building,,
"1184276393",1500,building,,
"1184276394",1500,building,,
"1184276395",1500,building,,
"1184276396",1500,building,,
"1184276397",1500,building,,
"1184276398",1500,building,,
"1184276399",1500,building,,
"1184276400",1500,building,,
"1184276401",1500,building,,
"1184276402",1500,building,,
"1184276403",1500,building,,
"1184276404",1500,building,,
"1184276405",1500,building,,
"1184276406",1500,building,,
"1184276407",1500,building,,
"1184276408",1500,building,,
"1184276409",1500,building,,
"1184276410",1500,building,,
"1184276411",1500,building,,
"1184276412",1500,building,,
"1184276413",1500,building,,
"1184276414",1500,building,,
"1184276415",1500,building,,
"1184276416",1500,building,,
"1184276417",1500,building,,
"1184276418",1500,building,,
"1184276420",1500,building,,
"1184276421",1500,building,,
"1184301272",1500,building,,
"1184301273",1500,building,,
"1184301274",1500,building,,
"1184301275",1500,building,,
"1184301276",1500,building,,
"1184301277",1500,building,,
"1184301278",1500,building,,
"1184301279",1500,building,,
"1184301280",1500,building,,
"1184301281",1500,building,,
"1184301283",1500,building,,
"1184301287",1500,building,,
"1184301288",1500,building,,
"1184301289",1500,building,,
"1184301290",1500,building,,
"1184301291",1500,building,,
"1184301292",1500,building,,
"1184301293",1500,building,,
"1184313098",1500,building,,
"1184313102",1500,building,,
"1184313103",1500,building,,
"1184313104",1500,building,,
"1184313105",1500,building,,
"1184313107",1500,building,,
"1184313108",1500,building,,
"1184313109",1500,building,,
"1184321405",1500,building,,
"1184321406",1500,building,,
"1184321410",1500,building,,
"1184483183",1500,building,,
"1184483184",1500,building,,
"1184483185",1500,building,,
"1184483186",1500,building,,
"1184483187",1500,building,,
"1184483188",1500,building,,
"1184483189",1500,building,,
"1184483190",1500,building,,
"1184483191",1500,building,,
"1184483192",1500,building,,
"1184483193",1500,building,,
"1184545944",1500,building,,
"1184545945",1500,building,,
"1184729206",1500,building,,
"1184729207",1500,building,,
"1184729208",1500,building,,
"1184729210",1500,building,,
"1184729211",1500,building,,
"1184729212",1500,building,,
"1184729213",1500,building,,
"1184729214",1500,building,,
"1184729215",1500,building,,
"1184729216",1500,building,,
"1184840390",1500,building,,
"1184840391",1500,building,,
"1184840392",1500,building,,
"1184840393",1500,building,,
"1184840394",1500,building,,
"1184840416",1500,building,,
"1184983571",1500,building,,
"1184983572",1500,building,,
"1184983573",1500,building,,
"1184983574",1500,building,,
"1184983575",1500,building,,
"1184983576",1500,building,,
"1184983577",1500,building,,
"1184983578",1500,building,,
"1184983579",1500,building,,
"1184983580",1500,building,,
"1184983581",1500,building,,
"1184983582",1500,building,,
"1184983583",1500,building,,
"1184983584",1500,building,,
"1184983585",1500,building,,
"1184983587",1500,building,,
"1184983588",1500,building,,
"1184983589",1500,building,,
"1184983590",1500,building,,
"1184983593",1500,building,,
"1184983594",1500,building,,
"1184983595",1500,building,,
"1184983596",1500,building,,
"1184983597",1500,building,,
"1184983598",1500,building,,
"1184983599",1500,building,,
"1184983600",1500,building,,
"1184983601",1500,building,,
"1184983602",1500,building,,
"1184983603",1500,building,,
"1184983604",1500,building,,
"1184983605",1500,building,,
"1184983606",1500,building,,
"1184983607",1500,building,,
"1184983608",1500,building,,
"1184983609",1500,building,,
"1184983610",1500,building,,
"1184983611",1500,building,,
"1184983612",1500,building,,
"1184983613",1500,building,,
"1184983614",1500,building,,
"1184983615",1500,building,,
"1184983616",1500,building,,
"1184983624",1500,building,,
"1184983625",1500,building,,
"1184983626",1500,building,,
"1184983627",1500,building,,
"1184983628",1500,building,,
"1184992820",1500,building,,
"1184992821",1500,building,,
"1185312602",1500,building,,
"1185312603",1500,building,,
"1185312604",1500,building,,
"1185312605",1500,building,,
"1185312606",1500,building,,
"1185312607",1500,building,,
"1185312608",1500,building,,
"1185312609",1500,building,,
"1185312610",1500,building,,
"1185312611",1500,building,,
"1185312612",1500,building,,
"1185312613",1500,building,,
"1185312614",1500,building,,
"1185312615",1500,building,,
"1185312616",1500,building,,
"1185312617",1500,building,,
"1185312618",1500,building,,
"1185312619",1500,building,,
"1185312620",1500,building,,
"1185312621",1500,building,,
"1185312622",1500,building,,
"1185312623",1500,building,,
"1185312624",1500,building,,
"1185312625",1500,building,,
"1185312626",1500,building,,
"1185312627",1500,building,,
"1185312628",1500,building,,
"1185312629",1500,building,,
"1185312630",1500,building,,
"1185312631",1500,building,,
"1185312632",1500,building,,
"1185312633",1500,building,,
"1185312634",1500,building,,
"1185312635",1500,building,,
"1185312636",1500,building,,
"1185312637",1500,building,,
"1185312638",1500,building,,
"1185312639",1500,building,,
"1185312640",1500,building,,
"1185312641",1500,building,,
"1185312642",1500,building,,
"1185312643",1500,building,,
"1185312644",1500,building,,
"1185312645",1500,building,,
"1185312646",1500,building,,
"1185312647",1500,building,,
"1185312648",1500,building,,
"1185312649",1500,building,,
"1185312650",1500,building,,
"1185312651",1500,building,,
"1185312652",1500,building,,
"1185312653",1500,building,,
"1186004293",1500,building,,
"1186521206",1500,building,,
"1186521207",1500,building,,
"1186521208",1500,building,,
"1186521209",1500,building,,
"1186521210",1500,building,,
"1186521211",1500,building,,
"1186521212",1500,building,,
"1187256362",1500,building,,
"1187256363",1500,building,,
"1187256364",1500,building,,
"1187258586",1500,building,,
"1187258587",1500,building,,
"1187258588",1500,building,,
"1187261381",1500,building,,
"1187261383",1500,building,,
"1187261384",1500,building,,
"1187261385",1500,building,,
"1187261386",1500,building,,
"1187261387",1500,building,,
"1187261388",1500,building,,
"1187261389",1500,building,,
"1187261390",1500,building,,
"1187261391",1500,building,,
"1187261392",1500,building,,
"1187273008",1500,building,,
"1187273009",1500,building,,
"1187273010",1500,building,,
"1187273011",1500,building,,
"1187273012",1500,building,,
"1187273013",1500,building,,
"1187292167",1500,building,,
"1187292168",1500,building,,
"1187292169",1500,building,,
"1187292170",1500,building,,
"1187292171",1500,building,,
"1187292172",1500,building,,
"1187292173",1500,building,,
"1187292174",1500,building,,
"1187292176",1500,building,,
"1187333625",1500,building,,
"1187333626",1500,building,,
"1187333627",1500,building,,
"1187333628",1500,building,,
"1187333629",1500,building,,
"1187333630",1500,building,,
"1187333631",1500,building,,
"1187362614",1500,building,,
"1187362615",1500,building,,
"1187362616",1500,building,,
"1187362623",1500,building,,
"1187362624",1500,building,,
"1187362625",1500,building,,
"1187362627",1500,building,,
"1187362628",1500,building,,
"1187362629",1500,building,,
"1187362630",1500,building,,
"1187362631",1500,building,,
"1187365396",1500,building,,
"1187593228",1500,building,,
"1187593229",1500,building,,
"1187593230",1500,building,,
"1187593231",1500,building,,
"1187593232",1500,building,,
"1187593233",1500,building,,
"1187593234",1500,building,,
"1187593235",1500,building,,
"1187593236",1500,building,,
"1187593237",1500,building,,
"1187593238",1500,building,,
"1187593239",1500,building,,
"1188151221",1500,building,,
"1188151222",1500,building,,
"1188531342",1500,building,,
"1188531343",1500,building,,
"1188531344",1500,building,,
"1188652613",1500,building,,
"1188652614",1500,building,,
"1188652615",1500,building,,
"1188652617",1500,building,,
"1188652618",1500,building,,
"1188652619",1500,building,,
"1188652620",1500,building,,
"1188652621",1500,building,,
"1188652622",1500,building,,
"1188652623",1500,building,,
"1188652624",1500,building,,
"1188652625",1500,building,,
"1188652626",1500,building,,
"1188652650",1500,building,,
"1188652651",1500,building,,
"1188652652",1500,building,,
"1188652653",1500,building,,
"1188652656",1500,building,,
"1188652657",1500,building,,
"1188652658",1500,building,,
"1188652659",1500,building,,
"1188652660",1500,building,,
"1188652661",1500,building,,
"1188652662",1500,building,,
"1188652663",1500,building,,
"1188652664",1500,building,,
"1188652665",1500,building,,
"1188652666",1500,building,,
"1188652667",1500,building,,
"1188652668",1500,building,,
"1188652669",1500,building,,
"1188652670",1500,building,,
"1188652671",1500,building,,
"1188733079",1500,building,,
"1188733080",1500,building,,
"1188733081",1500,building,,
"1188733082",1500,building,,
"1188734631",1500,building,,
"1188734632",1500,building,,
"1188734633",1500,building,,
"1188734634",1500,building,,
"1188734635",1500,building,,
"1188734636",1500,building,,
"1188734637",1500,building,,
"1188734638",1500,building,,
"1188734911",1500,building,,
"1188734912",1500,building,,
"1188734913",1500,building,,
"1188734914",1500,building,,
"1188734915",1500,building,,
"1188734916",1500,building,,
"1188739102",1500,building,,
"1188739103",1500,building,,
"1188739104",1500,building,,
"1188739105",1500,building,,
"1188739106",1500,building,,
"1188739107",1500,building,,
"1188739108",1500,building,,
"1188739109",1500,building,,
"1188739110",1500,building,,
"1188739891",1500,building,,
"1188741268",1500,building,,
"1188741269",1500,building,,
"1188741270",1500,building,,
"1188741271",1500,building,,
"1188741272",1500,building,,
"1188741273",1500,building,,
"1188741274",1500,building,,
"1188741592",1500,building,,
"1188741593",1500,building,,
"1188741594",1500,building,,
"1188741595",1500,building,,
"1188741596",1500,building,,
"1188741597",1500,building,,
"1188741598",1500,building,,
"1188741599",1500,building,,
"1188741600",1500,building,,
"1188741601",1500,building,,
"1188742330",1500,building,,
"1188742331",1500,building,,
"1188742332",1500,building,,
"1188742333",1500,building,,
"1188742334",1500,building,,
"1188742335",1500,building,,
"1188742336",1500,building,,
"1188742337",1500,building,,
"1188742338",1500,building,,
"1188742339",1500,building,,
"1189146994",1500,building,,
"1189147001",1500,building,,
"1189147002",1500,building,,
"1189147003",1500,building,,
"1189147004",1500,building,,hut
"1189147005",1500,building,,
"1189147006",1500,building,,
"1189147007",1500,building,,
"1189147008",1500,building,,
"1189147009",1500,building,,
"1189147010",1500,building,,
"1189147011",1500,building,,
"1189147150",1500,building,,
"1189147151",1500,building,,
"1189147152",1500,building,,
"1189147161",1500,building,,
"1189147165",1500,building,,
"1189147166",1500,building,,
"1189147167",1500,building,,
"1189147168",1500,building,,
"1189147169",1500,building,,
"1189147170",1500,building,,
"1189147171",1500,building,,
"1189147172",1500,building,,
"1189147173",1500,building,,
"1189147174",1500,building,,
"1189147175",1500,building,,
"1189147176",1500,building,,
"1189147177",1500,building,,
"1189147178",1500,building,,
"1189147179",1500,building,,
"1189147180",1500,building,,
"1189147181",1500,building,,
"1189147182",1500,building,,
"1189147183",1500,building,,
"1189147184",1500,building,,
"1189147185",1500,building,,
"1189147186",1500,building,,
"1189147187",1500,building,,
"1189147188",1500,building,,
"1189147189",1500,building,,
"1189147190",1500,building,,
"1189147191",1500,building,,
"1189147192",1500,building,,
"1189147193",1500,building,,
"1189147194",1500,building,,
"1189147195",1500,building,,
"1189147196",1500,building,,
"1189147197",1500,building,,
"1189147198",1500,building,,
"1189147199",1500,building,,
"1189147200",1500,building,,
"1189147201",1500,building,,
"1189147202",1500,building,,
"1189147203",1500,building,,
"1189147204",1500,building,,
"1189147205",1500,building,,
"1189147206",1500,building,,
"1189147207",1500,building,,
"1189147208",1500,building,,
"1189147209",1500,building,,
"1189147210",1500,building,,
"1189147211",1500,building,,
"1189147212",1500,building,,
"1189147213",1500,building,,
"1189147217",1500,building,,
"1189147219",1500,building,,
"1189147220",1500,building,,
"1189147221",1500,building,,
"1189147222",1500,building,,
"1189147223",1500,building,,
"1189147224",1500,building,,
"1189147225",1500,building,,
"1189147226",1500,building,,
"1189147227",1500,building,,
"1189147228",1500,building,,
"1189147229",1500,building,,
"1189147230",1500,building,,
"1189147231",1500,building,,
"1189147232",1500,building,,
"1189147233",1500,building,,
"1189147234",1500,building,,
"1189147235",1500,building,,
"1189147236",1500,building,,
"1189147237",1500,building,,
"1189147238",1500,building,,
"1189147239",1500,building,,
"1189147240",1500,building,,
"1189147241",1500,building,,
"1189147242",1500,building,,
"1189147243",1500,building,,
"1189147244",1500,building,,
"1189147245",1500,building,,
"1189147246",1500,building,Chathuni Kavindya's house,
"1189147247",1500,building,,
"1189147248",1500,building,,
"1189147249",1500,building,,
"1189147250",1500,building,,
"1189147251",1500,building,,
"1189147252",1500,building,,
"1189147253",1500,building,,
"1189149709",1500,building,,
"1189149710",1500,building,,
"1189149711",1500,building,,
"1189149712",1500,building,,
"1189149713",1500,building,,
"1189149714",1500,building,,
"1189149715",1500,building,,
"1189149716",1500,building,,
"1189149717",1500,building,,
"1189149718",1500,building,,
"1189149719",1500,building,,
"1189149720",1500,building,,
"1189149721",1500,building,,
"1189149730",1500,building,,
"1189149731",1500,building,,
"1189149732",1500,building,,
"1189149733",1500,building,,
"1189149734",1500,building,,
"1189149735",1500,building,,
"1189149736",1500,building,,
"1189149737",1500,building,,
"1189149738",1500,building,,
"1189149739",1500,building,,
"1189149740",1500,building,,
"1189150929",1500,building,,
"1189234307",1500,building,,
"1189234314",1500,building,,
"1189234315",1500,building,,
"1189234316",1500,building,,
"1189234317",1500,building,,
"1189239123",1500,building,,
"1189239124",1500,building,,
"1189239125",1500,building,,
"1189239126",1500,building,,
"1189239127",1500,building,,
"1189239128",1500,building,,
"1189239129",1500,building,,
"1189239130",1500,building,,
"1189239131",1500,building,,
"1189239132",1500,building,,
"1189239133",1500,building,,
"1189239134",1500,building,,
"1189239135",1500,building,,
"1189239136",1500,building,,
"1189239137",1500,building,,
"1189239138",1500,building,,
"1189239139",1500,building,,
"1189239140",1500,building,,
"1189239142",1500,building,,
"1189239143",1500,building,,
"1189239144",1500,building,,
"1189239145",1500,building,,
"1189239146",1500,building,,
"1189239147",1500,building,,
"1189239148",1500,building,,
"1189239156",1500,building,,
"1189239158",1500,building,,
"1189239159",1500,building,,
"1189239160",1500,building,,
"1189239161",1500,building,,
"1189239165",1500,building,,
"1189239166",1500,building,,
"1189239202",1500,building,,
"1189239203",1500,building,,
"1189239204",1500,building,,
"1189239205",1500,building,,
"1189239206",1500,building,,
"1189239207",1500,building,,
"1189239208",1500,building,,
"1189239209",1500,building,,
"1189239210",1500,building,,
"1189239211",1500,building,,
"1189239212",1500,building,,
"1189239213",1500,building,,
"1189239214",1500,building,,
"1189239215",1500,building,,
"1189239216",1500,building,,
"1189240101",1500,building,,
"1189240102",1500,building,,
"1189240110",1500,building,,
"1189243971",1500,building,,
"1189243972",1500,building,,
"1189243973",1500,building,,
"1189243974",1500,building,,
"1189243975",1500,building,,
"1189243976",1500,building,,
"1189243977",1500,building,,
"1189243978",1500,building,,
"1189243979",1500,building,,
"1189243980",1500,building,,
"1189243981",1500,building,,
"1189243982",1500,building,,
"1189243983",1500,building,,
"1189243984",1500,building,,
"1189244001",1500,building,,
"1189244002",1500,building,,
"1189244003",1500,building,,
"1189244004",1500,building,,
"1189244005",1500,building,,
"1189244006",1500,building,,
"1189244007",1500,building,,
"1189244008",1500,building,,
"1189244009",1500,building,,
"1189244010",1500,building,,
"1189244011",1500,building,,
"1189244012",1500,building,,
"1189244013",1500,building,,
"1189244014",1500,building,,
"1189244015",1500,building,,
"1189244016",1500,building,,
"1189244017",1500,building,,
"1189244018",1500,building,,
"1189244019",1500,building,,
"1189244020",1500,building,,
"1189244021",1500,building,,
"1189244022",1500,building,,
"1189244023",1500,building,,
"1189244024",1500,building,,
"1189244025",1500,building,,
"1189244026",1500,building,,
"1189244027",1500,building,,
"1189244028",1500,building,,
"1189244029",1500,building,,
"1189244030",1500,building,,
"1189244031",1500,building,,
"1189244032",1500,building,,
"1189244033",1500,building,,
"1189244034",1500,building,,
"1189244035",1500,building,,
"1189245950",1500,building,,
"1189245951",1500,building,,
"1189245952",1500,building,,
"1189245953",1500,building,,
"1189245954",1500,building,,
"1189245955",1500,building,,
"1189245956",1500,building,,
"1189245957",1500,building,,
"1189245958",1500,building,,
"1189245959",1500,building,,
"1189245960",1500,building,,
"1189245961",1500,building,,
"1189245962",1500,building,,
"1189245963",1500,building,,
"1189245964",1500,building,,
"1189245965",1500,building,,
"1189245966",1500,building,,
"1189245967",1500,building,,
"1189245968",1500,building,,
"1189245970",1500,building,,
"1189245971",1500,building,,
"1189245972",1500,building,,
"1189245973",1500,building,,
"1189245974",1500,building,,
"1189245975",1500,building,,
"1189245976",1500,building,,
"1189245977",1500,building,,
"1189245978",1500,building,,
"1189245979",1500,building,,
"1189245980",1500,building,,
"1189245981",1500,building,,
"1189245982",1500,building,,
"1189245983",1500,building,,
"1189245984",1500,building,,
"1189245985",1500,building,,
"1189245986",1500,building,,
"1189245987",1500,building,,
"1189245988",1500,building,,
"1189245989",1500,building,,
"1189252571",1500,building,,
"1189252572",1500,building,,
"1189571293",1500,building,,
"1191361252",1500,building,,
"1191361253",1500,building,,
"1191361254",1500,building,,
"1191361255",1500,building,,
"1191361256",1500,building,,
"1191361257",1500,building,,
"1191361258",1500,building,,
"1191361259",1500,building,,
"1191361260",1500,building,,
"1191361261",1500,building,,
"1191361262",1500,building,,
"1191361263",1500,building,,
"1191361264",1500,building,,
"1191361265",1500,building,,
"1191361266",1500,building,,
"1191361267",1500,building,,
"1191361268",1500,building,,
"1191361269",1500,building,,
"1191361270",1500,building,,
"1191361271",1500,building,,
"1191361272",1500,building,,
"1191361273",1500,building,,
"1191361274",1500,building,,
"1191361275",1500,building,,
"1191361276",1500,building,,
"1191361277",1500,building,,
"1191361278",1500,building,,
"1191364830",1500,building,,
"1191364831",1500,building,,
"1191364832",1500,building,,
"1191364833",1500,building,,
"1191364834",1500,building,,
"1191364835",1500,building,,
"1191364836",1500,building,,
"1191364837",1500,building,,
"1191364838",1500,building,,
"1191364839",1500,building,,
"1191364840",1500,building,,
"1191365155",1500,building,,
"1191365156",1500,building,,
"1191365157",1500,building,,
"1191373077",1500,building,,
"1191373078",1500,building,,
"1191373079",1500,building,,
"1191373080",1500,building,,
"1191373081",1500,building,,
"1191373082",1500,building,,
"1191373083",1500,building,,
"1191373084",1500,building,,
"1191373085",1500,building,,
"1191373086",1500,building,,
"1191373087",1500,building,,
"1191373088",1500,building,,
"1191373089",1500,building,,
"1191373090",1500,building,,
"1191373091",1500,building,,
"1191373092",1500,building,,
"1191377003",1500,building,,
"16118635",1500,building,,
"1191393818",1500,building,,
"1192432119",1500,building,,
"1197430615",1500,building,,
"1197430616",1500,building,,
"1197430617",1500,building,,
"1197586301",1500,building,,
"1197586302",1500,building,,
"1197586303",1500,building,,
"1197673995",1500,building,,
"1197673997",1500,building,,
"1197673998",1500,building,,
"1198539746",1500,building,,
"1198539747",1500,building,,
"1198539748",1500,building,,
"1198603082",1500,building,,
"1198603083",1500,building,,
"1198603084",1500,building,,
"1198603085",1500,building,,
"1198603086",1500,building,,
"1198934115",1500,building,,
"1199259805",1500,building,,
"1199260380",1500,building,,
"1199465445",1500,building,,
"1199987188",1500,building,,
"1199987189",1500,building,,
"1199987190",1500,building,,
"1199987191",1500,building,,
"1199987192",1500,building,,
"1199987193",1500,building,,
"1199987194",1500,building,,
"1199987195",1500,building,,
"1199987196",1500,building,,
"1199988424",1500,building,,
"1199990944",1500,building,,
"539151455",1500,building,,school
"539153221",1500,building,,
"539153222",1500,building,,
"539153223",1500,building,,
"631268928",1500,building,,
"631268954",1500,building,,
"1153927253",1500,building,,
"1153927258",1500,building,,
"1153927259",1500,building,,
"1153927260",1500,building,,
"1153927261",1500,building,,
"1153927262",1500,building,,
"1153927263",1500,building,,
"1153927264",1500,building,,
"1165609131",1500,building,,
"1165609132",1500,building,,
"1165609133",1500,building,,
"1165609134",1500,building,,
"1165609485",1500,building,,
"1165609901",1500,building,,
"1165611497",1500,building,,
"1165611500",1500,building,,
"1165611501",1500,building,,
"1165612351",1500,building,,
"1165612352",1500,building,,
"1165612353",1500,building,,
"1165612354",1500,building,,
"1165612355",1500,building,,
"1165612356",1500,building,,
"1182163834",1500,building,,
"1182163836",1500,building,,
"1182163837",1500,building,,
"1182163838",1500,building,,
"1182163839",1500,building,,
"1182163840",1500,building,,
"1182163841",1500,building,,
"1182163844",1500,building,,
"1182163845",1500,building,,
"1182163846",1500,building,,
"1182163847",1500,building,,
"1182163848",1500,building,,
"1182163849",1500,building,,
"1182163850",1500,building,,
"1182163851",1500,building,,
"1182163852",1500,building,,
"1182163853",1500,building,,
"1182163854",1500,building,,
"1182163855",1500,building,,
"1182163856",1500,building,,
"1182163858",1500,building,,
"1182163859",1500,building,,
"1182163860",1500,building,,
"1182164705",1500,building,,
"1182164706",1500,building,,
"1182164707",1500,building,,
"1182164708",1500,building,,
"1182164709",1500,building,,
"1182164710",1500,building,,
"1182164711",1500,building,,
"1182164712",1500,building,,
"1183922755",1500,building,,
"1183922756",1500,building,,
"1183922757",1500,building,,
"1183922758",1500,building,,
"1183922759",1500,building,,
"1183922760",1500,building,,
"1183922761",1500,building,,
"1183922762",1500,building,,
"1183922763",1500,building,,
"1183922765",1500,building,,
"1183922766",1500,building,,
"1183922767",1500,building,,
"1183922768",1500,building,,
"1183922769",1500,building,,
"1183922770",1500,building,,
"1183922839",1500,building,,
"1183922840",1500,building,,
"1183922841",1500,building,,
"1183922842",1500,building,,
"1183922843",1500,building,,
"1183922844",1500,building,,
"1183922845",1500,building,,
"1183922846",1500,building,,
"1184268780",1500,building,,
"1184268781",1500,building,,
"1184268782",1500,building,,
"1184268783",1500,building,,
"1184268784",1500,building,,
"1184268785",1500,building,,
"1184268786",1500,building,,
"1184268787",1500,building,,
"1184268788",1500,building,,
"1184268789",1500,building,,
"1184268793",1500,building,,
"1184268794",1500,building,,
"1184268795",1500,building,,
"1184276355",1500,building,,
"1184276356",1500,building,,
"1184276357",1500,building,,
"1184276358",1500,building,,
"1184276359",1500,building,,
"1184276360",1500,building,,
"1184276361",1500,building,,
"1184276362",1500,building,,
"1184276363",1500,building,,
"1184276364",1500,building,,
"1184276365",1500,building,,
"1184276366",1500,building,,
"1184276367",1500,building,,
"1184276368",1500,building,,
"1184276371",1500,building,,
"1184276372",1500,building,,
"1184276373",1500,building,,
"1184276374",1500,building,,
"1184276419",1500,building,,
"1184281474",1500,building,,
"1184281475",1500,building,,
"1184281476",1500,building,,
"1184281477",1500,building,,
"1184281478",1500,building,,
"1184281479",1500,building,,
"1184281480",1500,building,,
"1184281481",1500,building,,
"1184281482",1500,building,,
"1184281483",1500,building,,
"1184281484",1500,building,,
"1184281485",1500,building,,
"1184281486",1500,building,,
"1184281487",1500,building,,
"1184281488",1500,building,,
"1184281489",1500,building,,
"1184281490",1500,building,,
"1184281491",1500,building,,
"1184281492",1500,building,,
"1184281493",1500,building,,
"1184281494",1500,building,,
"1184281495",1500,building,,
"1184281496",1500,building,,
"1184281497",1500,building,,
"1184281498",1500,building,,
"1184281499",1500,building,,
"1184281500",1500,building,,
"1184281501",1500,building,,
"1184281502",1500,building,,
"1184281503",1500,building,,
"1184281504",1500,building,,
"1184281505",1500,building,,
"1184281506",1500,building,,
"1184281507",1500,building,,
"1184281519",1500,building,,
"1184281520",1500,building,,
"1184281521",1500,building,,
"1184281522",1500,building,,
"1184281523",1500,building,,
"1184281524",1500,building,,
"1184281525",1500,building,,
"1184281526",1500,building,,
"1184281527",1500,building,,
"1184281528",1500,building,,
"1184281529",1500,building,,
"1184281530",1500,building,,
"1184281531",1500,building,,
"1184281532",1500,building,,
"1184281533",1500,building,,
"1184281534",1500,building,,
"1184281535",1500,building,,
"1184301282",1500,building,,
"1184301284",1500,building,,
"1184301285",1500,building,,
"1184301286",1500,building,,
"1184301294",1500,building,,
"1184301295",1500,building,,
"1184301296",1500,building,,
"1184301297",1500,building,,
"1184301298",1500,building,,
"1184301299",1500,building,,
"1184301300",1500,building,,
"1184301301",1500,building,,
"1184301302",1500,building,,
"1184301303",1500,building,,
"1184301304",1500,building,,
"1184301305",1500,building,,
"1184301306",1500,building,,
"1184301307",1500,building,,
"1184301308",1500,building,,
"1184301309",1500,building,,
"1184301310",1500,building,,
"1184301311",1500,building,,
"1184301312",1500,building,,
"1184301313",1500,building,,
"1184301314",1500,building,,
"1184301315",1500,building,,
"1184301316",1500,building,,
"1184301317",1500,building,,
"1184301318",1500,building,,
"1184301319",1500,building,,
"1184301320",1500,building,,
"1184301321",1500,building,,
"1184301322",1500,building,,
"1184301323",1500,building,,
"1184301324",1500,building,,
"1184301325",1500,building,,
"1184301326",1500,building,,
"1184301327",1500,building,,
"1184301328",1500,building,,
"1184301329",1500,building,,
"1184301330",1500,building,,
"1184301331",1500,building,,
"1184301332",1500,building,,
"1184301333",1500,building,,
"1184301334",1500,building,,
"1184301335",1500,building,,
"1184301336",1500,building,,
"1184301337",1500,building,,
"1184301338",1500,building,,
"1184301339",1500,building,,
"1184301340",1500,building,,
"1184301341",1500,building,,
"1184301342",1500,building,,
"1184301343",1500,building,,
"1184301344",1500,building,,
"1184301345",1500,building,,
"1184301346",1500,building,,
"1184301347",1500,building,,
"1184301348",1500,building,,
"1184301349",1500,building,,
"1184301350",1500,building,,
"1184301351",1500,building,,
"1184301352",1500,building,,
"1184301353",1500,building,,
"1184301354",1500,building,,
"1184301355",1500,building,,
"1184301356",1500,building,,
"1184301357",1500,building,,
"1184301358",1500,building,,
"1184301359",1500,building,,
"1184301360",1500,building,,
"1184301361",1500,building,,
"1184301362",1500,building,,
"1184301363",1500,building,,
"1184301364",1500,building,,
"1184301365",1500,building,,
"1184301366",1500,building,,
"1184301367",1500,building,,
"1184301368",1500,building,,
"1184301369",1500,building,,
"1184301370",1500,building,,
"1184301371",1500,building,,
"1184301372",1500,building,,
"1184301373",1500,building,,
"1184301374",1500,building,,
"1184301375",1500,building,,
"1184301376",1500,building,,
"1184301377",1500,building,,
"1184301378",1500,building,,
"1184301379",1500,building,,
"1184301380",1500,building,,
"1184301381",1500,building,,
"1184301382",1500,building,,
"1184301383",1500,building,,
"1184301384",1500,building,,
"1184301385",1500,building,,
"1184301386",1500,building,,
"1184301387",1500,building,,
"1184301388",1500,building,,
"1184301389",1500,building,,
"1184301390",1500,building,,
"1184301391",1500,building,,
"1184301392",1500,building,,
"1184301393",1500,building,,
"1184301394",1500,building,,
"1184301395",1500,building,,
"1184313014",1500,building,,
"1184313015",1500,building,,
"1184313017",1500,building,,
"1184313018",1500,building,,
"1184313019",1500,building,,
"1184313020",1500,building,,
"1184313021",1500,building,,
"1184313022",1500,building,,
"1184313023",1500,building,,
"1184313024",1500,building,,
"1184313025",1500,building,,
"1184313026",1500,building,,
"1184313027",1500,building,,
"1184313028",1500,building,,
"1184313029",1500,building,,
"1184313030",1500,building,,
"1184313031",1500,building,,
"1184313032",1500,building,,
"1184313033",1500,building,,
"1184313034",1500,building,,
"1184313035",1500,building,,
"1184313036",1500,building,,
"1184313037",1500,building,,
"1184313038",1500,building,,
"1184313039",1500,building,,
"1184313040",1500,building,,
"1184313041",1500,building,,
"1184313042",1500,building,,
"1184313043",1500,building,,
"1184313044",1500,building,,
"1184313045",1500,building,,
"1184313046",1500,building,,
"1184313047",1500,building,,
"1184313048",1500,building,,
"1184313049",1500,building,,
"1184313050",1500,building,,
"1184313051",1500,building,,
"1184313052",1500,building,,
"1184313053",1500,building,,
"1184313054",1500,building,,
"1184313055",1500,building,,
"1184313056",1500,building,,
"1184313057",1500,building,,
"1184313058",1500,building,,
"1184313059",1500,building,,
"1184313060",1500,building,,
"1184313061",1500,building,,
"1184313062",1500,building,,
"1184313063",1500,building,,
"1184313064",1500,building,,
"1184313065",1500,building,,
"1184313066",1500,building,,
"1184313067",1500,building,,
"1184313068",1500,building,,
"1184313069",1500,building,,
"1184313070",1500,building,,
"1184313071",1500,building,,
"1184313072",1500,building,,
"1184313073",1500,building,,
"1184313074",1500,building,,
"1184313075",1500,building,,
"1184313076",1500,building,,
"1184313077",1500,building,,
"1184313078",1500,building,,
"1184313079",1500,building,,
"1184313080",1500,building,,
"1184313081",1500,building,,
"1184313082",1500,building,,
"1184313083",1500,building,,
"1184313084",1500,building,,
"1184313085",1500,building,,
"1184313086",1500,building,,
"1184313087",1500,building,,
"1184313088",1500,building,,
"1184313089",1500,building,,
"1184313090",1500,building,,
"1184313091",1500,building,,
"1184313092",1500,building,,
"1184313093",1500,building,,
"1184313094",1500,building,,
"1184313095",1500,building,,
"1184313096",1500,building,,
"1184313097",1500,building,,
"1184313099",1500,building,,
"1184313100",1500,building,,
"1184313101",1500,building,,
"1184313106",1500,building,,
"1184313110",1500,building,,
"1184313111",1500,building,,
"1184313112",1500,building,,
"1184313113",1500,building,,
"1184313114",1500,building,,
"1184313115",1500,building,,
"1184313116",1500,building,,
"1184313117",1500,building,,
"1184313118",1500,building,,
"1184313119",1500,building,,
"1184321260",1500,building,,
"1184321261",1500,building,,
"1184321262",1500,building,,
"1184321263",1500,building,,
"1184321264",1500,building,,
"1184321265",1500,building,,
"1184321266",1500,building,,
"1184321267",1500,building,,
"1184321268",1500,building,,
"1184321269",1500,building,,
"1184321270",1500,building,,
"1184321271",1500,building,,
"1184321272",1500,building,,
"1184321273",1500,building,,
"1184321274",1500,building,,
"1184321275",1500,building,,
"1184321276",1500,building,,
"1184321278",1500,building,,
"1184321279",1500,building,,
"1184321280",1500,building,,
"1184321281",1500,building,,
"1184321282",1500,building,,
"1184321283",1500,building,,
"1184321284",1500,building,,
"1184321285",1500,building,,
"1184321286",1500,building,,
"1184321287",1500,building,,
"1184321288",1500,building,,
"1184321289",1500,building,,
"1184321290",1500,building,,
"1184321291",1500,building,,
"1184321292",1500,building,,
"1184321293",1500,building,,
"1184321294",1500,building,,
"1184321295",1500,building,,
"1184321296",1500,building,,
"1184321297",1500,building,,
"1184321298",1500,building,,
"1184321299",1500,building,,
"1184321300",1500,building,,
"1184321301",1500,building,,
"1184321302",1500,building,,
"1184321303",1500,building,,
"1184321304",1500,building,,
"1184321305",1500,building,,
"1184321306",1500,building,,
"1184321307",1500,building,,
"1184321308",1500,building,,
"1184321309",1500,building,,
"1184321310",1500,building,,
"1184321311",1500,building,,
"1184321312",1500,building,,
"1184321313",1500,building,,
"1184321314",1500,building,,
"1184321315",1500,building,,
"1184321316",1500,building,,
"1184321317",1500,building,,
"1184321318",1500,building,,
"1184321319",1500,building,,
"1184321320",1500,building,,
"1184321321",1500,building,,
"1184321322",1500,building,,
"1184321323",1500,building,,
"1184321324",1500,building,,
"1184321325",1500,building,,
"1184321326",1500,building,,
"1184321327",1500,building,,
"1184321328",1500,building,,
"1184321329",1500,building,,
"1184321330",1500,building,,
"1184321331",1500,building,,
"1184321332",1500,building,,
"1184321333",1500,building,,
"1184321334",1500,building,,
"1184321335",1500,building,,
"1184321336",1500,building,,
"1184321337",1500,building,,
"1184321338",1500,building,,
"1184321339",1500,building,,
"1184321340",1500,building,,
"1184321341",1500,building,,
"1184321342",1500,building,,
"1184321343",1500,building,,
"1184321344",1500,building,,
"1184321345",1500,building,,
"1184321346",1500,building,,
"1184321347",1500,building,,
"1184321348",1500,building,,
"1184321349",1500,building,,
"1184321350",1500,building,,
"1184321351",1500,building,,
"1184321352",1500,building,,
"1184321353",1500,building,,
"1184321354",1500,building,,
"1184321355",1500,building,,
"1184321356",1500,building,,
"1184321357",1500,building,,
"1184321358",1500,building,,
"1184321359",1500,building,,
"1184321360",1500,building,,
"1184321361",1500,building,,
"1184321362",1500,building,,
"1184321363",1500,building,,
"1184321364",1500,building,,
"1184321365",1500,building,,
"1184321366",1500,building,,
"1184321367",1500,building,,
"1184321368",1500,building,,
"1184321369",1500,building,,
"1184321370",1500,building,,
"1184321371",1500,building,,
"1184321372",1500,building,,
"1184321373",1500,building,,
"1184321374",1500,building,,
"1184321375",1500,building,,
"1184321376",1500,building,,
"1184321377",1500,building,,
"1184321378",1500,building,,
"1184321379",1500,building,,
"1184321380",1500,building,,
"1184321381",1500,building,,
"1184321382",1500,building,,
"1184321383",1500,building,,
"1184321384",1500,building,,
"1184321385",1500,building,,
"1184321386",1500,building,,
"1184321387",1500,building,,
"1184321388",1500,building,,
"1184321389",1500,building,,
"1184321390",1500,building,,
"1184321391",1500,building,,
"1184321392",1500,building,,
"1184321393",1500,building,,
"1184321394",1500,building,,
"1184321395",1500,building,,
"1184321396",1500,building,,
"1184321397",1500,building,,
"1184321398",1500,building,,
"1184321399",1500,building,,
"1184321400",1500,building,,
"1184321401",1500,building,,
"1184321402",1500,building,,
"1184321403",1500,building,,
"1184321404",1500,building,,
"1184321409",1500,building,,
"1184321411",1500,building,,
"1184321412",1500,building,,
"1184336067",1500,building,,
"1184336068",1500,building,,
"1184336069",1500,building,,
"1184336070",1500,building,,
"1184336071",1500,building,,
"1184336072",1500,building,,
"1184336073",1500,building,,
"1184336074",1500,building,,
"1184336075",1500,building,,
"1184336076",1500,building,,
"1184336077",1500,building,,
"1184336078",1500,building,,
"1184336079",1500,building,,
"1184336080",1500,building,,
"1184336084",1500,building,,
"1184336085",1500,building,,
"1184336086",1500,building,,
"1184336087",1500,building,,
"1184336088",1500,building,,
"1184336089",1500,building,,
"1184336090",1500,building,,
"1184336091",1500,building,,
"1184488067",1500,building,,
"1184488068",1500,building,,
"1184488074",1500,building,,
"1184504810",1500,building,,
"1184504811",1500,building,,
"1184504812",1500,building,,
"1184504813",1500,building,,
"1184729217",1500,building,,
"1184729218",1500,building,,
"1184729219",1500,building,,
"1184734791",1500,building,,
"1184734792",1500,building,,
"1184734793",1500,building,,
"1184734794",1500,building,,
"1184734795",1500,building,,
"1184734796",1500,building,,
"1184734820",1500,building,,
"1184734821",1500,building,,
"1184734826",1500,building,,
"1184734827",1500,building,,
"1184840334",1500,building,,
"1184840335",1500,building,,
"1184840338",1500,building,,
"1184840339",1500,building,,
"1184840388",1500,building,,
"1184840395",1500,building,,
"1184840396",1500,building,,
"1184840404",1500,building,,
"1184840414",1500,building,,
"1184840415",1500,building,,
"1184840429",1500,building,,
"1184994674",1500,building,,
"1184994675",1500,building,,
"1184994676",1500,building,,
"1184994677",1500,building,,
"1184994678",1500,building,,
"1184994679",1500,building,,
"1184994680",1500,building,,
"1184994681",1500,building,,
"1184994682",1500,building,,
"1184994683",1500,building,,
"1184994684",1500,building,,
"1184995531",1500,building,,
"1184995532",1500,building,,
"1185281521",1500,building,,
"1185281522",1500,building,,
"1185281523",1500,building,,
"1185283117",1500,building,,
"1185294195",1500,building,,
"1185366616",1500,building,,
"1185366617",1500,building,,
"1185366618",1500,building,,
"1185384023",1500,building,,
"1185384024",1500,building,,
"1185384025",1500,building,,
"1187256365",1500,building,,
"1187258583",1500,building,,
"1187292178",1500,building,,
"1187292181",1500,building,,
"1187333702",1500,building,,
"1187333704",1500,building,,
"1187333705",1500,building,,
"1187333706",1500,building,,
"1187333707",1500,building,,
"1187333708",1500,building,,
"1187333710",1500,building,,
"1187333711",1500,building,,
"1187333712",1500,building,,
"1187333713",1500,building,,
"1187333714",1500,building,,
"1187336747",1500,building,,
"1187336748",1500,building,,
"1187336749",1500,building,,
"1187336750",1500,building,,
"1187362613",1500,building,,
"1187362632",1500,building,,
"1187365397",1500,building,,
"1187365398",1500,building,,
"1187365399",1500,building,,
"1187365407",1500,building,,
"1187365409",1500,building,,
"1187365411",1500,building,,
"1187365412",1500,building,,
"1187365413",1500,building,,
"1187365414",1500,building,,
"1187365415",1500,building,,
"1187365416",1500,building,,
"1187365417",1500,building,,
"1187365418",1500,building,,
"1187365419",1500,building,,
"1187365420",1500,building,,
"1187365423",1500,building,,
"1187365424",1500,building,,
"1187531940",1500,building,,
"1187531941",1500,building,,
"1187531942",1500,building,,
"1187542069",1500,building,,
"1187542072",1500,building,,
"1187542074",1500,building,,
"1187542076",1500,building,,
"1187542077",1500,building,,
"1187542078",1500,building,,
"1187542079",1500,building,,
"1187542082",1500,building,,
"1187542083",1500,building,,
"1187542085",1500,building,,
"1187542086",1500,building,,
"1187542087",1500,building,,
"1187542088",1500,building,,
"1187542089",1500,building,,
"1187542091",1500,building,,
"1187542092",1500,building,,
"1187542094",1500,building,,
"1187542095",1500,building,,
"1187542096",1500,building,,
"1187542097",1500,building,,
"1187542098",1500,building,,
"1187542099",1500,building,,
"1187542100",1500,building,,
"1187542101",1500,building,,
"1187542102",1500,building,,
"1187542103",1500,building,,
"1187542104",1500,building,,
"1187542105",1500,building,,
"1187542112",1500,building,,
"1187544767",1500,building,,
"1187544802",1500,building,,
"1187544803",1500,building,,
"1187544804",1500,building,,
"1187544805",1500,building,,
"1187544806",1500,building,,
"1187544807",1500,building,,
"1187544808",1500,building,,
"1187544809",1500,building,,
"1187544810",1500,building,,
"1187544811",1500,building,,
"1187544812",1500,building,,
"1187546057",1500,building,,
"1187546058",1500,building,,
"1188151220",1500,building,,
"1188457863",1500,building,,
"1188457876",1500,building,,
"1188457877",1500,building,,
"1188457878",1500,building,,
"1188531933",1500,building,,
"1188531934",1500,building,,
"1188531935",1500,building,,
"1189103730",1500,building,,
"1189103731",1500,building,,
"1189109676",1500,building,,
"1191392783",1500,building,,
"1191469933",1500,building,,
"1191469934",1500,building,,
"1191469935",1500,building,,
"1192474826",1500,building,,
"1197293420",1500,building,,
"1197333881",1500,building,,
"1197333882",1500,building,,
"1197333883",1500,building,,
"1197333884",1500,building,,
"1197333885",1500,building,,
"1197333886",1500,building,,
"1197333887",1500,building,,
"1197333888",1500,building,,
"1197333889",1500,building,,
"1197333890",1500,building,,
"1197333891",1500,building,,
"1197333892",1500,building,,
"1197333893",1500,building,,
"1197333894",1500,building,,
"1197333895",1500,building,,
"1197333896",1500,building,,
"1197333897",1500,building,,
"1197333898",1500,building,,
"1197333899",1500,building,,
"1197333900",1500,building,,
"1197333901",1500,building,,
"1197348777",1500,building,,
"1197348785",1500,building,,
"1197430610",1500,building,,
"1197430614",1500,building,,
"1197461308",1500,building,,
"1197461310",1500,building,,
"1197461313",1500,building,,
"1197461317",1500,building,,
"1197461318",1500,building,,
"1197461354",1500,building,,
"1197461355",1500,building,,
"1197587744",1500,building,,
"1197588834",1500,building,,
"1197655752",1500,building,,
"1197655753",1500,building,,
"1198269001",1500,building,,
"1198338650",1500,building,,
"1198406400",1500,building,,
"1198406401",1500,building,,
"1198406402",1500,building,,
"1198406403",1500,building,,
"1198406409",1500,building,,
"1198406410",1500,building,,
"1198406411",1500,building,,
"1199234497",1500,building,,
"1199234498",1500,building,,
"1199234501",1500,building,,
"1199234502",1500,building,,
"1199234503",1500,building,,
"1199234504",1500,building,,
"1199234506",1500,building,,
"1199234507",1500,building,,
"1199234508",1500,building,,
"1199234509",1500,building,,
"1199234510",1500,building,,
"1199234512",1500,building,,
"1199234515",1500,building,,
"1199234516",1500,building,,
"1199234517",1500,building,,
"1199234518",1500,building,,
"1199234519",1500,building,,
"1199234521",1500,building,,
"1199234522",1500,building,,
"1199234523",1500,building,,
"1199234524",1500,building,,
"1199234525",1500,building,,
"1199234528",1500,building,,
"1199234529",1500,building,,
"1199234530",1500,building,,
"1199234531",1500,building,,
"1199260065",1500,building,,
"1199260079",1500,building,,
"1199260381",1500,building,,
"1199260382",1500,building,,
"1199260383",1500,building,,
"1199260433",1500,building,,
"1199491485",1500,building,,
"1199491486",1500,building,,
"1199491487",1500,building,,
"1199491488",1500,building,,
"1199491489",1500,building,,
"1199491490",1500,building,,
"1199491491",1500,building,,
"1199491492",1500,building,,
"1199491493",1500,building,,
"1199491494",1500,building,,
"1199491495",1500,building,,
"1199491496",1500,building,,
"1199491497",1500,building,,
"1199491498",1500,building,,
"1199491499",1500,building,,
"1199491500",1500,building,,
"1199987187",1500,building,,
"1199988425",1500,building,,
"1199988426",1500,building,,
"1199988427",1500,building,,
"1199988428",1500,building,,
"1199988429",1500,building,,
"1199988430",1500,building,,
"1199988431",1500,building,,
"1199988799",1500,building,,
"1199990943",1500,building,,
"287212927",1500,building,,
"287213017",1500,building,Town-Hall,
"287216540",1500,building,Bus Operational Terminal,industrial
"287217062",1500,building,,
"287217989",1500,building,,
"287218113",1500,building,,
"287218204",1500,building,,
"287218291",1500,building,,
"287218303",1500,building,,
"287218330",1500,building,,
"287218449",1500,building,,
"287218457",1500,building,,
"287218773",1500,building,,
"287218843",1500,building,,
"287218921",1500,building,,
"287218930",1500,building,,
"287218991",1500,building,,
"287219080",1500,building,,
"287219081",1500,building,,
"287219121",1500,building,,
"287219344",1500,building,,
"287219345",1500,building,,
"287219454",1500,building,,
"287220335",1500,building,,
"287220901",1500,building,,
"287220902",1500,building,,
"287220922",1500,building,,
"287221011",1500,building,,
"287221012",1500,building,,
"287221248",1500,building,,
"287221335",1500,building,,
"287221387",1500,building,,
"287221388",1500,building,,
"287232317",1500,building,Court,
"287233085",1500,building,Zonal Education Office,office
"287233587",1500,building,,
"287832398",1500,building,,
"287832399",1500,building,,
"287832400",1500,building,,
"287832733",1500,building,,
"287832734",1500,building,,
"287832837",1500,building,,
"287832838",1500,building,,
"287885551",1500,building,,
"287885552",1500,building,,
"287885554",1500,building,,
"287885555",1500,building,,
"287885556",1500,building,,
"287885557",1500,building,,
"287885558",1500,building,,
"287885559",1500,building,,
"287885575",1500,building,,
"287885576",1500,building,,
"287885577",1500,building,,
"287886525",1500,building,,
"287886527",1500,building,,
"287886528",1500,building,,
"287886529",1500,building,,
"287886530",1500,building,,
"287886532",1500,building,,
"287886533",1500,building,,
"287886535",1500,building,,
"287886536",1500,building,,
"287886537",1500,building,,
"287886538",1500,building,,
"287886539",1500,building,,
"287993094",1500,building,,
"287993095",1500,building,,
"287993096",1500,building,,
"287993097",1500,building,,
"287993098",1500,building,,
"287993099",1500,building,,
"287993101",1500,building,,
"287993102",1500,building,,
"287993103",1500,building,,
"287993104",1500,building,,
"287993309",1500,building,,school
"287993719",1500,building,,school
"287993720",1500,building,School Buildind,
"287993721",1500,building,,school
"287993722",1500,building,,school
"287993723",1500,building,,school
"287993724",1500,building,,school
"287993725",1500,building,,school
"287993726",1500,building,,school
"287993727",1500,building,,school
"287993728",1500,building,,school
"287993729",1500,building,School Buildind,
"287993730",1500,building,,school
"287994027",1500,building,,
"287994028",1500,building,,
"287994029",1500,building,,
"287994030",1500,building,,
"287994031",1500,building,,
"287994032",1500,building,,
"287994033",1500,building,,
"287994034",1500,building,,
"287994035",1500,building,,
"287994427",1500,building,Battemulla Temple,
"287994564",1500,building,NSB,commercial
"288065150",1500,building,Sampath Bank,
"288065648",1500,building,,
"288065649",1500,building,,
"288065650",1500,building,,
"288583509",1500,building,,
"288583816",1500,building,,
"288583817",1500,building,,
"288583818",1500,building,,
"1153927242",1500,building,,
"1153927243",1500,building,,
"1153927244",1500,building,,
"1153927245",1500,building,,
"1153927246",1500,building,,
"1153927247",1500,building,,
"1153927248",1500,building,,
"1153927249",1500,building,,
"1153927250",1500,building,,
"1153927251",1500,building,,
"1153927252",1500,building,,
"1153927254",1500,building,,
"1153927255",1500,building,,
"1153927256",1500,building,,
"1153927257",1500,building,,
"1165932405",1500,building,,
"1165932406",1500,building,,
"1165932407",1500,building,,
"1165932408",1500,building,,
"1165932409",1500,building,,
"1165932410",1500,building,,
"1165932411",1500,building,,
"1165932412",1500,building,,
"1165932413",1500,building,,
"1183491394",1500,building,,
"1183491395",1500,building,,
"1183491396",1500,building,,
"1183491397",1500,building,,
"1183509570",1500,building,,
"1183509571",1500,building,,
"1183509573",1500,building,,
"1183922806",1500,building,,
"1183922807",1500,building,,
"1183922808",1500,building,,
"1183922809",1500,building,,
"1183922811",1500,building,,
"1183922812",1500,building,,
"1183922813",1500,building,,
"1183922814",1500,building,,
"1183922815",1500,building,,
"1183922816",1500,building,,
"1183922817",1500,building,,
"1183922818",1500,building,,
"1183922819",1500,building,,
"1183922820",1500,building,,
"1183922821",1500,building,,
"1183922822",1500,building,,
"1183922823",1500,building,,
"1183922824",1500,building,,
"1183922825",1500,building,,
"1183922826",1500,building,,
"1183922827",1500,building,,
"1183922828",1500,building,,
"1183922829",1500,building,,
"1183922830",1500,building,,
"1183922831",1500,building,,
"1183922832",1500,building,,
"1183922833",1500,building,,
"1183922834",1500,building,,
"1183922835",1500,building,,
"1183922836",1500,building,,
"1183922837",1500,building,,
"1183922838",1500,building,,
"1184148822",1500,building,,
"1184148825",1500,building,,
"1184148827",1500,building,,
"1184335929",1500,building,,
"1184335930",1500,building,,
"1184335931",1500,building,,
"1184335932",1500,building,,
"1184335933",1500,building,,
"1184335934",1500,building,,
"1184335935",1500,building,,
"1184335936",1500,building,,
"1184335943",1500,building,,
"1184335944",1500,building,,
"1184335948",1500,building,,
"1184335951",1500,building,,
"1184335952",1500,building,,
"1184335953",1500,building,,
"1184335954",1500,building,,
"1184335955",1500,building,,
"1184335956",1500,building,,
"1184335957",1500,building,,
"1184335958",1500,building,,
"1184335959",1500,building,,
"1184335964",1500,building,,
"1184335965",1500,building,,
"1184335966",1500,building,,
"1184335967",1500,building,,
"1184335968",1500,building,,
"1184335969",1500,building,,
"1184335970",1500,building,,
"1184335971",1500,building,,
"1184335972",1500,building,,
"1184335973",1500,building,,
"1184335974",1500,building,,
"1184335975",1500,building,,
"1184335976",1500,building,,
"1184335977",1500,building,,
"1184335978",1500,building,,
"1184335979",1500,building,,
"1184335982",1500,building,,
"1184336012",1500,building,,
"1184336013",1500,building,,
"1184336014",1500,building,,
"1184336015",1500,building,,
"1184336016",1500,building,,
"1184336017",1500,building,,
"1184336018",1500,building,,
"1184336022",1500,building,,
"1184336023",1500,building,,
"1184336024",1500,building,,
"1184336025",1500,building,,
"1184336028",1500,building,,
"1184336043",1500,building,,
"1184336044",1500,building,,
"1184336045",1500,building,,
"1184336046",1500,building,,
"1184336047",1500,building,,
"1184336048",1500,building,,
"1184336049",1500,building,,
"1184336050",1500,building,,
"1184336051",1500,building,,
"1184336052",1500,building,,
"1184336053",1500,building,,
"1184336054",1500,building,,
"1184336055",1500,building,,
"1184336056",1500,building,,
"1184336057",1500,building,,
"1184336058",1500,building,,
"1184336059",1500,building,,
"1184336060",1500,building,,
"1184336061",1500,building,,
"1184336062",1500,building,,
"1184336063",1500,building,,
"1184336064",1500,building,,
"1184336065",1500,building,,
"1184336066",1500,building,,
"1184840336",1500,building,,
"1184840337",1500,building,,
"1184840340",1500,building,,
"1184840341",1500,building,,
"1184840342",1500,building,,
"1184840343",1500,building,,
"1184840344",1500,building,,
"1184840345",1500,building,,
"1184840346",1500,building,,
"1184840347",1500,building,,
"1184840348",1500,building,,
"1184840349",1500,building,,
"1184840350",1500,building,,
"1184840351",1500,building,,
"1184840352",1500,building,,
"1184840353",1500,building,,
"1184840354",1500,building,,
"1184840355",1500,building,,
"1184840356",1500,building,,
"1184840357",1500,building,,
"1184840358",1500,building,,
"1184840359",1500,building,,
"1184840360",1500,building,,
"1184840361",1500,building,,
"1184840362",1500,building,,
"1184840363",1500,building,,
"1184840364",1500,building,,
"1184840365",1500,building,,
"1184840367",1500,building,,
"1184840368",1500,building,,
"1184840372",1500,building,,
"1184840373",1500,building,,
"1184840374",1500,building,,
"1184840375",1500,building,,
"1184840376",1500,building,,
"1184840379",1500,building,,
"1184840380",1500,building,,
"1184840381",1500,building,,
"1184840382",1500,building,,
"1184840383",1500,building,,
"1184840384",1500,building,,
"1184840385",1500,building,,
"1184840386",1500,building,,
"1184840387",1500,building,,
"1184840389",1500,building,,
"1184840409",1500,building,,
"1184840410",1500,building,,
"1184840411",1500,building,,
"1184840412",1500,building,,
"1184840413",1500,building,,
"1184840428",1500,building,,
"1184983425",1500,building,,
"1184983426",1500,building,,
"1184983427",1500,building,,
"1184983428",1500,building,,
"1184983429",1500,building,,
"1184983430",1500,building,,
"1184983431",1500,building,,
"1184983432",1500,building,,
"1184983433",1500,building,,
"1184983434",1500,building,,
"1184983435",1500,building,,
"1184983436",1500,building,,
"1184992766",1500,building,,
"1184992767",1500,building,,
"1184992768",1500,building,,
"1184992769",1500,building,,
"1184992770",1500,building,,
"1184992771",1500,building,,
"1184992772",1500,building,,
"1184992773",1500,building,,
"1184992774",1500,building,,
"1184992775",1500,building,,
"1184992776",1500,building,,
"1184992777",1500,building,,
"1184992778",1500,building,,
"1184992779",1500,building,,
"1184992780",1500,building,,
"1184992781",1500,building,,
"1184992782",1500,building,,
"1184992783",1500,building,,
"1184992784",1500,building,,
"1184992785",1500,building,,
"1184992800",1500,building,,
"1184992801",1500,building,,
"1184992807",1500,building,,
"1184992808",1500,building,,
"1185276473",1500,building,,
"1185276926",1500,building,,
"1185279134",1500,building,,
"1185279135",1500,building,,
"1185279136",1500,building,,
"1185279137",1500,building,,
"1185279141",1500,building,,
"1185279142",1500,building,,
"1185279143",1500,building,,
"1185279144",1500,building,,
"1185281512",1500,building,,
"1185281513",1500,building,,
"1185281514",1500,building,,
"1185281515",1500,building,,
"1185281516",1500,building,,
"1185281517",1500,building,,
"1185283118",1500,building,,
"1185283119",1500,building,,
"1185294194",1500,building,,
"1185294196",1500,building,,
"1185384028",1500,building,,
"1185384029",1500,building,,
"1185384030",1500,building,,
"1185995464",1500,building,,
"1185999954",1500,building,,
"1185999955",1500,building,,
"1186007156",1500,building,,
"1186007160",1500,building,,
"1186007161",1500,building,,
"1186007162",1500,building,,
"1186007163",1500,building,,
"1186521838",1500,building,,
"1186521839",1500,building,,
"1186521840",1500,building,,
"1187069696",1500,building,,
"1187292179",1500,building,,
"1187292182",1500,building,,
"1187292183",1500,building,,
"1187292184",1500,building,,
"1187292185",1500,building,,
"1187292186",1500,building,,
"1187292187",1500,building,,
"1187292188",1500,building,,
"1187292189",1500,building,,
"1187292190",1500,building,,
"1187292191",1500,building,,
"1187292192",1500,building,,
"1187292203",1500,building,,
"1187292211",1500,building,,
"1187292212",1500,building,,
"1187292213",1500,building,,
"1187292214",1500,building,,
"1187292215",1500,building,,
"1187292216",1500,building,,
"1187303721",1500,building,,
"1187303722",1500,building,,
"1187303723",1500,building,,
"1187303724",1500,building,,
"1187303725",1500,building,,
"1187303726",1500,building,,
"1187303727",1500,building,,
"1187303728",1500,building,,
"1187303729",1500,building,,
"1187303730",1500,building,,
"1187303731",1500,building,,
"1187303732",1500,building,,
"1187303733",1500,building,,
"1187303734",1500,building,,
"1187303735",1500,building,,
"1187303736",1500,building,,
"1187303737",1500,building,,
"1187303739",1500,building,,
"1187303740",1500,building,,
"1187303743",1500,building,,
"1187303744",1500,building,,
"1187303745",1500,building,,
"1187303746",1500,building,,
"1187303747",1500,building,,
"1187303748",1500,building,,
"1187303749",1500,building,,
"1187303750",1500,building,,
"1187303751",1500,building,,
"1187303752",1500,building,,
"1187303753",1500,building,,
"1187303754",1500,building,,
"1187303755",1500,building,,
"1187303756",1500,building,,
"1187303757",1500,building,,
"1187303758",1500,building,,
"1187303759",1500,building,,
"1187303760",1500,building,,
"1187303761",1500,building,,
"1187303762",1500,building,,
"1187303763",1500,building,,
"1187303764",1500,building,,
"1187303765",1500,building,,
"1187303767",1500,building,,
"1187303768",1500,building,,
"1187333571",1500,building,,
"1187333572",1500,building,,
"1187333573",1500,building,,
"1187333574",1500,building,,
"1187333575",1500,building,,
"1187333576",1500,building,,
"1187333577",1500,building,,
"1187333578",1500,building,,
"1187333579",1500,building,,
"1187333580",1500,building,,
"1187333581",1500,building,,
"1187333582",1500,building,,
"1187333583",1500,building,,
"1187333584",1500,building,,
"1187333585",1500,building,,
"1187333586",1500,building,,
"1187333587",1500,building,,
"1187333588",1500,building,,
"1187333589",1500,building,,
"1187333590",1500,building,,
"1187333591",1500,building,,
"1187333592",1500,building,,
"1187333594",1500,building,,
"1187333595",1500,building,,
"1187333596",1500,building,,
"1187333597",1500,building,,
"1187333598",1500,building,,
"1187333599",1500,building,,
"1187333600",1500,building,,
"1187333601",1500,building,,
"1187333603",1500,building,,
"1187333604",1500,building,,
"1187333605",1500,building,,
"1187333632",1500,building,,
"1187333633",1500,building,,
"1187333634",1500,building,,
"1187333635",1500,building,,
"1187333636",1500,building,,
"1187333637",1500,building,,
"1187333638",1500,building,,
"1187333639",1500,building,,
"1187333640",1500,building,,
"1187333641",1500,building,,
"1187333642",1500,building,,
"1187333643",1500,building,,
"1187333644",1500,building,,
"1187333645",1500,building,,
"1187333647",1500,building,,
"1187333648",1500,building,,
"1187333649",1500,building,,
"1187333650",1500,building,,
"1187333651",1500,building,,
"1187333652",1500,building,,
"1187333653",1500,building,,
"1187333654",1500,building,,
"1187333655",1500,building,,
"1187333656",1500,building,,
"1187333657",1500,building,,
"1187333658",1500,building,,
"1187333659",1500,building,,
"1187333660",1500,building,,
"1187333661",1500,building,,
"1187333662",1500,building,,
"1187333663",1500,building,,
"1187333664",1500,building,,
"1187333665",1500,building,,
"1187333668",1500,building,,
"1187333669",1500,building,,
"1187333670",1500,building,,
"1187333671",1500,building,,
"1187333672",1500,building,,
"1187333673",1500,building,,
"1187333674",1500,building,,
"1187333675",1500,building,,
"1187333676",1500,building,,
"1187333677",1500,building,,
"1187333681",1500,building,,
"1187333682",1500,building,,
"1187333683",1500,building,,
"1187333684",1500,building,,
"1187333685",1500,building,,
"1187333686",1500,building,,
"1187333687",1500,building,,
"1187333688",1500,building,,
"1187333689",1500,building,,
"1187333690",1500,building,,
"1187333691",1500,building,,
"1187333692",1500,building,,
"1187333694",1500,building,,
"1187333696",1500,building,,
"1187333697",1500,building,,
"1187333698",1500,building,,
"1187333699",1500,building,,
"1187333701",1500,building,,
"1187362622",1500,building,,
"1187542062",1500,building,,
"1187542063",1500,building,,
"1187542064",1500,building,,
"1187542066",1500,building,,
"1187542067",1500,building,,
"1187542068",1500,building,,
"1187542071",1500,building,,
"1187542080",1500,building,,
"1187544764",1500,building,,
"1187544765",1500,building,,
"1187544766",1500,building,,
"1187544781",1500,building,,
"1187544801",1500,building,,
"1187546045",1500,building,,
"1187546046",1500,building,,
"1187546047",1500,building,,
"1187546048",1500,building,,
"1187546049",1500,building,,
"1187546050",1500,building,,
"1187546051",1500,building,,
"1187546052",1500,building,,
"1187546054",1500,building,,
"1187546055",1500,building,,
"1187546056",1500,building,,
"1187546059",1500,building,,
"1187546060",1500,building,,
"1187546061",1500,building,,
"1187546062",1500,building,,
"1187546063",1500,building,,
"1187546064",1500,building,,
"1187546065",1500,building,,
"1187546066",1500,building,,
"1187546067",1500,building,,
"1187546068",1500,building,,
"1187546069",1500,building,,
"1187546070",1500,building,,
"1187546071",1500,building,,
"1187546072",1500,building,,
"1187546073",1500,building,,
"1187546074",1500,building,,
"1187547403",1500,building,,
"1187547404",1500,building,,
"1187547405",1500,building,,
"1187547406",1500,building,,
"1187547407",1500,building,,
"1187547408",1500,building,,
"1187547409",1500,building,,
"1187547410",1500,building,,
"1187547411",1500,building,,
"1187547412",1500,building,,
"1187547413",1500,building,,
"1187547415",1500,building,,
"1187547416",1500,building,,
"1187547417",1500,building,,
"1187547418",1500,building,,
"1187547419",1500,building,,
"1187547420",1500,building,,
"1187547421",1500,building,,
"1187547422",1500,building,,
"1187547423",1500,building,,
"1187547424",1500,building,,
"1187547425",1500,building,,
"1187547426",1500,building,,
"1187547427",1500,building,,
"1187547428",1500,building,,
"1187547429",1500,building,,
"1187547430",1500,building,,
"1187547431",1500,building,,
"1187547432",1500,building,,
"1187547433",1500,building,,
"1187547434",1500,building,,
"1187547435",1500,building,,
"1187547437",1500,building,,
"1187547438",1500,building,,
"1187547439",1500,building,,
"1188200684",1500,building,,
"1188200685",1500,building,,
"1188200686",1500,building,,
"1188200687",1500,building,,
"1188200688",1500,building,,
"1188200689",1500,building,,
"1188200690",1500,building,,
"1188200691",1500,building,,
"1188200692",1500,building,,
"1189103732",1500,building,,
"1189103733",1500,building,,
"1189103734",1500,building,,
"1189103735",1500,building,,
"1189106442",1500,building,,
"1189106443",1500,building,,
"1189106855",1500,building,,
"1189124783",1500,building,,
"1189124785",1500,building,,
"1189124786",1500,building,,
"1189124787",1500,building,,
"1189124788",1500,building,,
"1189124789",1500,building,,
"1189124790",1500,building,,
"1189124791",1500,building,,
"1189124792",1500,building,,
"1189124793",1500,building,,
"1189124962",1500,building,,
"1189124963",1500,building,,
"1189124964",1500,building,,
"1189125009",1500,building,,
"1192468809",1500,building,,
"1192468812",1500,building,,
"1192468813",1500,building,,
"1192468815",1500,building,,
"1192468816",1500,building,,
"1192468817",1500,building,,
"1192468818",1500,building,,
"1192468819",1500,building,,
"1192468820",1500,building,,
"1192468821",1500,building,,
"1192468822",1500,building,,
"1192468823",1500,building,,
"1192468824",1500,building,,
"1192468825",1500,building,,
"1192468826",1500,building,,
"1192468827",1500,building,,
"1192468828",1500,building,,
"1192468829",1500,building,,
"1192468830",1500,building,,
"1192468831",1500,building,,
"1192468832",1500,building,,
"1192468833",1500,building,,
"1192468834",1500,building,,
"1192468835",1500,building,,
"1192468836",1500,building,,
"1192468837",1500,building,,
"1192468838",1500,building,,
"1192468839",1500,building,,
"1192468840",1500,building,,
"1192468841",1500,building,,
"1192468842",1500,building,,
"1192468843",1500,building,,
"1192468844",1500,building,,
"1192468845",1500,building,,
"1192468846",1500,building,,
"1192468847",1500,building,,
"1192468848",1500,building,,
"1192468849",1500,building,,
"1192468850",1500,building,,
"1192468851",1500,building,,
"1192468852",1500,building,,
"1192468853",1500,building,,
"1192468854",1500,building,,
"1192468855",1500,building,,
"1192468856",1500,building,,
"1192468857",1500,building,,
"1192468858",1500,building,,
"1192468859",1500,building,,
"1192468860",1500,building,,
"1192468861",1500,building,,
"1192468862",1500,building,,
"1192468863",1500,building,,
"1192468864",1500,building,,
"1192468865",1500,building,,
"1192468866",1500,building,,
"1192468867",1500,building,,
"1192468868",1500,building,,
"1192468869",1500,building,,
"1192468870",1500,building,,
"1192468871",1500,building,,
"1192468872",1500,building,,
"1192468873",1500,building,,
"1192468874",1500,building,,
"1192468876",1500,building,,
"1192468877",1500,building,,
"1192468879",1500,building,,
"1192468880",1500,building,,
"1192468881",1500,building,,
"1192468882",1500,building,,
"1192468883",1500,building,,
"1192468884",1500,building,,
"1192468885",1500,building,,
"1192468886",1500,building,,
"1192468887",1500,building,,
"1192468888",1500,building,,
"1192468889",1500,building,,
"1192468890",1500,building,,
"1192468891",1500,building,,
"1192468892",1500,building,,
"1192468893",1500,building,,
"1192468894",1500,building,,
"1192468895",1500,building,,
"1192468896",1500,building,,
"1192468897",1500,building,,
"1192468898",1500,building,,
"1192468899",1500,building,,
"1192468900",1500,building,,
"1192468901",1500,building,,
"1192468902",1500,building,,
"1192468903",1500,building,,
"1192468904",1500,building,,
"1192468905",1500,building,,
"1192468907",1500,building,,
"1192468908",1500,building,,
"1192468909",1500,building,,
"1192468910",1500,building,,
"1192468911",1500,building,,
"1192468912",1500,building,,
"1192468913",1500,building,,
"1192468914",1500,building,,
"1192468915",1500,building,,
"1192468916",1500,building,,
"1192468917",1500,building,,
"1192468918",1500,building,,
"1192468919",1500,building,,
"1192468920",1500,building,,
"1192468921",1500,building,,
"1192468922",1500,building,,
"1192468923",1500,building,,
"1192480296",1500,building,,
"1192480297",1500,building,,
"1192480298",1500,building,,
"1192480299",1500,building,,
"1192480300",1500,building,,
"1192480301",1500,building,,
"1192480302",1500,building,,
"1192480303",1500,building,,
"1192480304",1500,building,,
"1192480305",1500,building,,
"1192480306",1500,building,,
"1192480307",1500,building,,
"1192480308",1500,building,,
"1192480309",1500,building,,
"1192480310",1500,building,,
"1192480311",1500,building,,
"1192480312",1500,building,,
"1192480313",1500,building,,
"1192480314",1500,building,,
"1192480315",1500,building,,
"1192480316",1500,building,,
"1192480317",1500,building,,
"1192480318",1500,building,,
"1192480319",1500,building,,
"1192480320",1500,building,,
"1192480321",1500,building,,
"1192480322",1500,building,,
"1192480323",1500,building,,
"1192480324",1500,building,,
"1192480325",1500,building,,
"1192480326",1500,building,,
"1192480327",1500,building,,
"1192480328",1500,building,,
"1192480329",1500,building,,
"1192480330",1500,building,,
"1192480331",1500,building,,
"1192480332",1500,building,,
"1192481318",1500,building,,
"1192481319",1500,building,,
"1192481320",1500,building,,
"1192481321",1500,building,,
"1192481322",1500,building,,
"1192481323",1500,building,,
"1192481324",1500,building,,
"1192481325",1500,building,,
"1192481326",1500,building,,
"1192481327",1500,building,,
"1192481328",1500,building,,
"1192481329",1500,building,,
"1192481330",1500,building,,
"1192481331",1500,building,,
"1192481332",1500,building,,
"1192481333",1500,building,,
"1192481618",1500,building,,
"1192481619",1500,building,,
"1192481620",1500,building,,
"1192481621",1500,building,,
"1192481622",1500,building,,
"1192481623",1500,building,,
"1192481676",1500,building,,
"1197235840",1500,building,,
"1197235841",1500,building,,
"1197235848",1500,building,,
"1197235849",1500,building,,
"1197235850",1500,building,,
"1197235851",1500,building,,
"1197235852",1500,building,,
"1197235853",1500,building,,
"1197235854",1500,building,,
"1197235855",1500,building,,
"1197235856",1500,building,,
"1197235857",1500,building,,
"1197235858",1500,building,,
"1197235859",1500,building,,
"1197235860",1500,building,,
"1197235861",1500,building,,
"1197235862",1500,building,,
"1197235863",1500,building,,
"1197235864",1500,building,,
"1197235865",1500,building,,
"1197235866",1500,building,,
"1197235867",1500,building,,
"1197235868",1500,building,,
"1197235869",1500,building,,
"1197235870",1500,building,,
"1197235871",1500,building,,
"1197235872",1500,building,,
"1197235873",1500,building,,
"1197235874",1500,building,,
"1197235875",1500,building,,
"1197235876",1500,building,,
"1197235877",1500,building,,
"1197235878",1500,building,,
"1197235888",1500,building,,
"1197235889",1500,building,,
"1197235890",1500,building,,
"1197235891",1500,building,,
"1197279407",1500,building,,
"1197279408",1500,building,,
"1197279409",1500,building,,
"1197279410",1500,building,,
"1197279411",1500,building,,
"1197279414",1500,building,,
"1197279415",1500,building,,
"1197279416",1500,building,,
"1197282370",1500,building,,
"1197282392",1500,building,,
"1197282393",1500,building,,
"1197282394",1500,building,,
"1197282395",1500,building,,
"1197282396",1500,building,,
"1197282397",1500,building,,
"1197282398",1500,building,,
"1197282399",1500,building,,
"1197282400",1500,building,,
"1197282401",1500,building,,
"1197282402",1500,building,,
"1197282403",1500,building,,
"1197282404",1500,building,,
"1197282405",1500,building,,
"1197282406",1500,building,,
"1197282407",1500,building,,
"1197282408",1500,building,,
"1197282409",1500,building,,
"1197282410",1500,building,,
"1197282411",1500,building,,
"1197282412",1500,building,,
"1197282413",1500,building,,
"1197282414",1500,building,,
"1197282415",1500,building,,
"1197282416",1500,building,,
"1197282417",1500,building,,
"1197282418",1500,building,,
"1197282419",1500,building,,
"1197282420",1500,building,,
"1197282421",1500,building,,
"1197282422",1500,building,,
"1197282423",1500,building,,
"1197282424",1500,building,,
"1197282425",1500,building,,
"1197282426",1500,building,,
"1197282427",1500,building,,
"1197282428",1500,building,,
"1197282429",1500,building,,
"1197282430",1500,building,,
"1197282431",1500,building,,
"1197282432",1500,building,,
"1197282433",1500,building,,
"1197282434",1500,building,,
"1197282435",1500,building,,
"1197282436",1500,building,,
"1197282437",1500,building,,
"1197282438",1500,building,,
"1197282439",1500,building,,
"1197282440",1500,building,,
"1197282441",1500,building,,
"1197282442",1500,building,,
"1197282443",1500,building,,
"1197282444",1500,building,,
"1197282445",1500,building,,
"1197327011",1500,building,,
"1197327012",1500,building,,
"1197327013",1500,building,,
"1197333880",1500,building,,
"1197333902",1500,building,,
"1197333903",1500,building,,
"1197333904",1500,building,,
"1197333905",1500,building,,
"1197333906",1500,building,,
"1197333907",1500,building,,
"1197333908",1500,building,,
"1197333909",1500,building,,
"1197333910",1500,building,,
"1197333911",1500,building,,
"1197333912",1500,building,,
"1197333913",1500,building,,
"1197333914",1500,building,,
"1197348772",1500,building,,
"1197348773",1500,building,,
"1197348774",1500,building,,
"1197348775",1500,building,,
"1197348776",1500,building,,
"1197348778",1500,building,,
"1197348779",1500,building,,
"1197348780",1500,building,,
"1197348781",1500,building,,
"1197348782",1500,building,,
"1197348783",1500,building,,
"1197348784",1500,building,,
"1197349121",1500,building,,
"1197349122",1500,building,,
"1197349123",1500,building,,
"1197349124",1500,building,,
"1197349125",1500,building,,
"1197349126",1500,building,,
"1197430602",1500,building,,
"1197430603",1500,building,,
"1197430604",1500,building,,
"1197430605",1500,building,,
"1197430606",1500,building,,
"1197430607",1500,building,,
"1197430611",1500,building,,
"1197430612",1500,building,,
"1197461309",1500,building,,
"1197461311",1500,building,,
"1197461315",1500,building,,
"1197461316",1500,building,,
"1197461319",1500,building,,
"1197461320",1500,building,,
"1197461321",1500,building,,
"1197461322",1500,building,,
"1197461323",1500,building,,
"1197461324",1500,building,,
"1197461325",1500,building,,
"1197461326",1500,building,,
"1197461327",1500,building,,
"1197461328",1500,building,,
"1197461329",1500,building,,
"1197461331",1500,building,,
"1197461332",1500,building,,
"1197461333",1500,building,,
"1197461334",1500,building,,
"1197461335",1500,building,,
"1197461336",1500,building,,
"1197461337",1500,building,,
"1197461338",1500,building,,
"1197461339",1500,building,,
"1197461340",1500,building,,
"1197461341",1500,building,,
"1197461342",1500,building,,
"1197461344",1500,building,,
"1197461345",1500,building,,
"1197461346",1500,building,,
"1197461347",1500,building,,
"1197461348",1500,building,,
"1197461349",1500,building,,
"1197461350",1500,building,,
"1197461351",1500,building,,
"1197461352",1500,building,,
"1197461353",1500,building,,
"1197461356",1500,building,,
"1197655746",1500,building,,
"1197655751",1500,building,,
"1197655754",1500,building,,
"1197655755",1500,building,,
"1197655762",1500,building,,
"1201257158",1500,building,,
"1201257159",1500,building,,
"1201257872",1500,building,,
"1201257968",1500,building,,
"1201258042",1500,building,,
"1201258160",1500,building,,
"1201258207",1500,building,,
"1201258530",1500,building,,
"1201258835",1500,building,,
"1201259224",1500,building,,
"1201259296",1500,building,,
"1201259431",1500,building,,
"1201259595",1500,building,,
"1201259708",1500,building,,
"1201260050",1500,building,,
"1201260243",1500,building,,
"1201260287",1500,building,,
"1201260546",1500,building,,
"1201260682",1500,building,,
"1201260772",1500,building,,
"1201260841",1500,building,,
"1201260943",1500,building,,
"1201261163",1500,building,,
"1201261237",1500,building,,
"1201261289",1500,building,,
"1201261347",1500,building,,
"1201261620",1500,building,,
"287221013",1500,building,,
"287222295",1500,building,,
"287827115",1500,building,,
"287832396",1500,building,,
"287832397",1500,building,,
"287832469",1500,building,,
"287832470",1500,building,,
"287832471",1500,building,,
"287832472",1500,building,,
"287832729",1500,building,,
"287832730",1500,building,,
"287832731",1500,building,,
"287832732",1500,building,,
"287832735",1500,building,,
"287832736",1500,building,,
"287832840",1500,building,,
"287833213",1500,building,,
"287833214",1500,building,,
"287833215",1500,building,,
"287833216",1500,building,,
"287833217",1500,building,,
"287833219",1500,building,,
"287833364",1500,building,,
"287833365",1500,building,,
"287833366",1500,building,,
"287833367",1500,building,,
"287833368",1500,building,,
"287833370",1500,building,,
"287833371",1500,building,,
"287833372",1500,building,,
"287833373",1500,building,,
"287833739",1500,building,,
"287833740",1500,building,,
"287833741",1500,building,,
"287833742",1500,building,,
"287833743",1500,building,,
"287833744",1500,building,,
"287834532",1500,building,,
"287834533",1500,building,,
"287834534",1500,building,,
"287834789",1500,building,,
"287834792",1500,building,,
"287834794",1500,building,,
"287834798",1500,building,,
"287834801",1500,building,,
"287834804",1500,building,,
"287885550",1500,building,,
"1165930513",1500,building,,
"1165930514",1500,building,,
"1165930515",1500,building,,
"1165930516",1500,building,,
"1165930517",1500,building,,
"1165930518",1500,building,,
"1165930519",1500,building,,
"1165930520",1500,building,,
"1165930521",1500,building,,
"1165930522",1500,building,,
"1165930523",1500,building,,
"1165930524",1500,building,,
"1165930525",1500,building,,
"1165930526",1500,building,,
"1165930527",1500,building,,
"1165930528",1500,building,,
"1165930529",1500,building,,
"1165930530",1500,building,,
"1165930531",1500,building,,
"1165930532",1500,building,,
"1165930533",1500,building,,
"1165930534",1500,building,,
"1165930535",1500,building,,
"1165930536",1500,building,,
"1165930537",1500,building,,
"1165930538",1500,building,,
"1165930539",1500,building,,
"1165930540",1500,building,,
"1165930541",1500,building,,
"1165930542",1500,building,,
"1165930543",1500,building,,
"1165930544",1500,building,,
"1165930545",1500,building,,
"1165930546",1500,building,,
"1165930549",1500,building,,
"1165930550",1500,building,,
"1165930551",1500,building,,
"1165930552",1500,building,,
"1165930553",1500,building,,
"1165930554",1500,building,,
"1165930555",1500,building,,
"1177228408",1500,building,,
"1177228409",1500,building,,
"1177228410",1500,building,,
"1177228411",1500,building,,
"1177228412",1500,building,,
"1177228413",1500,building,,
"1177228414",1500,building,,
"1177228415",1500,building,,
"1177228416",1500,building,,
"1177228417",1500,building,,
"1177228418",1500,building,,
"1177228419",1500,building,,
"1182305806",1500,building,,
"1183674615",1500,building,,
"1184148819",1500,building,,
"1184148820",1500,building,,
"1184148821",1500,building,,
"1184148823",1500,building,,
"1184148824",1500,building,,
"1184148826",1500,building,,
"1184148828",1500,building,,
"1184148829",1500,building,,
"1184648947",1500,building,,
"1184648948",1500,building,,
"1184729351",1500,building,,
"1184840366",1500,building,,
"1184840369",1500,building,,
"1184840370",1500,building,,
"1184840371",1500,building,,
"1184840377",1500,building,,
"1184840378",1500,building,,
"1184840397",1500,building,,
"1184840398",1500,building,,
"1184840399",1500,building,,
"1184840400",1500,building,,
"1184840401",1500,building,,
"1184840402",1500,building,,
"1184840403",1500,building,,
"1184840405",1500,building,,
"1184840406",1500,building,,
"1184840407",1500,building,,
"1184840408",1500,building,,
"1184874529",1500,building,,
"1184874530",1500,building,,
"1184874531",1500,building,,
"1184874532",1500,building,,
"1184874533",1500,building,,
"1184874534",1500,building,,
"1184874535",1500,building,,
"1184992786",1500,building,,
"1184992787",1500,building,,
"1184992788",1500,building,,
"1184992789",1500,building,,
"1184992790",1500,building,,
"1184992791",1500,building,,
"1184992792",1500,building,,
"1184992793",1500,building,,
"1184992794",1500,building,,
"1184992795",1500,building,,
"1184992796",1500,building,,
"1184992797",1500,building,,
"1184992798",1500,building,,
"1184992799",1500,building,,
"1184992802",1500,building,,
"1184992803",1500,building,,
"1184992805",1500,building,,
"1184992806",1500,building,,
"1184992809",1500,building,,
"1184992810",1500,building,,
"1184992811",1500,building,,
"1184992812",1500,building,,
"1184992813",1500,building,,
"1184992814",1500,building,,
"1184992815",1500,building,,
"1184992816",1500,building,,
"1184992817",1500,building,,
"1184992818",1500,building,,
"1184992819",1500,building,,
"1185185386",1500,building,,
"1185185387",1500,building,,
"1185185388",1500,building,,
"1185185389",1500,building,,
"1185185390",1500,building,,
"1185185391",1500,building,,
"1185185392",1500,building,,
"1185185393",1500,building,,
"1185185394",1500,building,,
"1185185395",1500,building,,
"1185185396",1500,building,,
"1185185397",1500,building,,
"1185185398",1500,building,,
"1185185399",1500,building,,
"1185185402",1500,building,,
"1185185403",1500,building,,
"1185185404",1500,building,,
"1185185405",1500,building,,
"1185185408",1500,building,,
"1185185418",1500,building,,
"1185185419",1500,building,,
"1185185420",1500,building,,
"1185185421",1500,building,,
"1185185422",1500,building,,
"1185185423",1500,building,,
"1185185424",1500,building,,
"1185185425",1500,building,,
"1185185426",1500,building,,
"1185185438",1500,building,,
"1185384026",1500,building,,
"1185384027",1500,building,,
"1185510157",1500,building,,
"1185510158",1500,building,,
"1185510159",1500,building,,
"1185510160",1500,building,,
"1185510161",1500,building,,
"1185510162",1500,building,,
"1185510163",1500,building,,
"1185510171",1500,building,,
"1185510175",1500,building,,
"1185510176",1500,building,,
"1186004277",1500,building,,
"1186004278",1500,building,,
"1186004279",1500,building,,
"1186004280",1500,building,,
"1186004281",1500,building,,
"1186004282",1500,building,,
"1186004283",1500,building,,
"1186004284",1500,building,,
"1186004285",1500,building,,
"1186004286",1500,building,,
"1186004287",1500,building,,
"1186004288",1500,building,,
"1186004289",1500,building,,
"1186004290",1500,building,,
"1186004291",1500,building,,
"1186004292",1500,building,,
"1186004294",1500,building,,
"1186004295",1500,building,,
"1186004296",1500,building,,
"1186004297",1500,building,,
"1186004298",1500,building,,
"1186004299",1500,building,,
"1186004300",1500,building,,
"1186004301",1500,building,,
"1186004302",1500,building,,
"1186004303",1500,building,,
"1186004304",1500,building,,
"1186004305",1500,building,,
"1186521213",1500,building,,
"1186521214",1500,building,,
"1186521826",1500,building,,
"1186521827",1500,building,,
"1186521828",1500,building,,
"1186521829",1500,building,,
"1186521830",1500,building,,
"1186521831",1500,building,,
"1186521832",1500,building,,
"1186521833",1500,building,,
"1186521834",1500,building,,
"1186521835",1500,building,,
"1186521836",1500,building,,
"1186521837",1500,building,,
"1187292177",1500,building,,
"1187292180",1500,building,,
"1187292193",1500,building,,
"1187292194",1500,building,,
"1187292195",1500,building,,
"1187292196",1500,building,,
"1187292197",1500,building,,
"1187292198",1500,building,,
"1187292199",1500,building,,
"1187292200",1500,building,,
"1187292201",1500,building,,
"1187292202",1500,building,,
"1187292204",1500,building,,
"1187292205",1500,building,,
"1187292206",1500,building,,
"1187292207",1500,building,,
"1187292208",1500,building,,
"1187292209",1500,building,,
"1187292210",1500,building,,
"1187292217",1500,building,,
"1187303713",1500,building,,
"1187303714",1500,building,,
"1187303715",1500,building,,
"1187303716",1500,building,,
"1187303717",1500,building,,
"1187303718",1500,building,,
"1187303719",1500,building,,
"1187303720",1500,building,,
"1187333602",1500,building,,
"1187333606",1500,building,,
"1187333607",1500,building,,
"1187333609",1500,building,,
"1187333610",1500,building,,
"1187333611",1500,building,,
"1187333612",1500,building,,
"1187333613",1500,building,,
"1187333614",1500,building,,
"1187333615",1500,building,,
"1187333616",1500,building,,
"1187333617",1500,building,,
"1187333618",1500,building,,
"1187333619",1500,building,,
"1187333620",1500,building,,
"1187333621",1500,building,,
"1187333622",1500,building,,
"1187333623",1500,building,,
"1187362617",1500,building,,
"1187362618",1500,building,,
"1187362619",1500,building,,
"1187362620",1500,building,,
"1187362621",1500,building,,
"1188733070",1500,building,,
"1188733071",1500,building,,
"1188733072",1500,building,,
"1188733073",1500,building,,
"1188733075",1500,building,,
"1188733076",1500,building,,
"1188733077",1500,building,,
"1189103736",1500,building,,
"1189124949",1500,building,,
"1189124950",1500,building,,
"1189124951",1500,building,,
"1189124952",1500,building,,
"1189124953",1500,building,,
"1189124954",1500,building,,
"1189124955",1500,building,,
"1189124956",1500,building,,
"1189124957",1500,building,,
"1189124958",1500,building,,
"1189124959",1500,building,,
"1189124960",1500,building,,
"1189124961",1500,building,,
"1189124965",1500,building,,
"1189124966",1500,building,,
"1189124967",1500,building,,
"1189124968",1500,building,,
"1189124969",1500,building,,
"1189124970",1500,building,,
"1189124971",1500,building,,
"1189124972",1500,building,,
"1189124973",1500,building,,
"1189124974",1500,building,,
"1189124975",1500,building,,
"1189124976",1500,building,,
"1189124977",1500,building,,
"1189124978",1500,building,,
"1189124979",1500,building,,
"1189124980",1500,building,,
"1189124981",1500,building,,
"1189124982",1500,building,,
"1189124983",1500,building,,
"1189124984",1500,building,,
"1189124985",1500,building,,
"1189124986",1500,building,,
"1189124987",1500,building,,
"1189124988",1500,building,,
"1189124989",1500,building,,
"1189124990",1500,building,,
"1189124991",1500,building,,
"1189124992",1500,building,,
"1189124993",1500,building,,
"1189124994",1500,building,,
"1189124995",1500,building,,
"1189124996",1500,building,,
"1189124997",1500,building,,
"1189124998",1500,building,,
"1189124999",1500,building,,
"1189125000",1500,building,,
"1189125001",1500,building,,
"1189125002",1500,building,,
"1189125003",1500,building,,
"1189125004",1500,building,,
"1189125005",1500,building,,
"1189125006",1500,building,,
"1189125008",1500,building,,
"1189125010",1500,building,,
"1189125011",1500,building,,
"1189125012",1500,building,,
"1189125013",1500,building,,
"1189150930",1500,building,,
"1189150931",1500,building,,
"1189150932",1500,building,,
"1189150933",1500,building,,
"1189150934",1500,building,,
"1189150951",1500,building,,
"1189150952",1500,building,,
"1189150953",1500,building,,
"1189150955",1500,building,,
"1189150956",1500,building,,
"1189234308",1500,building,,
"1189234309",1500,building,,
"1189234324",1500,building,,
"1189234325",1500,building,,
"1189234326",1500,building,,
"1189992989",1500,building,,
"1189992990",1500,building,,
"1192432111",1500,building,,
"1192432112",1500,building,,
"1192432113",1500,building,,
"1192432114",1500,building,,
"1192432115",1500,building,,
"1192432116",1500,building,,
"1192432117",1500,building,,
"1192432118",1500,building,,
"1192432122",1500,building,,
"1192432123",1500,building,,
"1197235844",1500,building,,
"1197235845",1500,building,,
"1197235846",1500,building,,
"1197235847",1500,building,,
"1197279412",1500,building,,
"1197430608",1500,building,,
"1197430609",1500,building,,
